[
  {
    "id": "a5e36aa1-a957-458b-af93-a677a3bec1eb",
    "data": [
      {
        "text": "Tell me something about what you like",
        "userDefined": false
      }
    ],
    "isTemplate": false,
    "count": 0,
    "updated": 1533869909
  },
  {
    "id": "f74e0cde-be5c-45ec-b10b-4bb5163fec78",
    "data": [
      {
        "text": "Do you have favorite stuff",
        "userDefined": false
      }
    ],
    "isTemplate": false,
    "count": 0,
    "updated": 1533869909
  },
  {
    "id": "78ab3507-1460-47dd-b201-b56e0b6041cd",
    "data": [
      {
        "text": "What is it you like",
        "userDefined": false
      }
    ],
    "isTemplate": false,
    "count": 0,
    "updated": 1533869909
  },
  {
    "id": "b815c893-cb37-4cf6-891e-5bab225da046",
    "data": [
      {
        "text": "What do you like",
        "userDefined": false
      }
    ],
    "isTemplate": false,
    "count": 0,
    "updated": 1533869909
  },
  {
    "id": "2e6a0b60-e6c4-4dd8-8264-61f622ab6974",
    "data": [
      {
        "text": "What are things you like",
        "userDefined": false
      }
    ],
    "isTemplate": false,
    "count": 0,
    "updated": 1533869909
  },
  {
    "id": "3b791b00-bca5-457e-8352-676c2f7a1115",
    "data": [
      {
        "text": "What are your favorite things",
        "userDefined": false
      }
    ],
    "isTemplate": false,
    "count": 0,
    "updated": 1533869909
  }
]