[
  {
    "id": "37f15f4b-be94-425d-a4ef-b52bfaad7409",
    "data": [
      {
        "text": "heya",
        "userDefined": false
      }
    ],
    "isTemplate": false,
    "count": 0,
    "updated": 1533869213
  },
  {
    "id": "e7c4b3b6-0bfd-4919-a9db-0776bb2a5d6b",
    "data": [
      {
        "text": "lovely day isn\u0027t it",
        "userDefined": false
      }
    ],
    "isTemplate": false,
    "count": 0,
    "updated": 1533869213
  },
  {
    "id": "21bea4e3-c39f-4f20-939e-7032b2f2ca3c",
    "data": [
      {
        "text": "what are you",
        "userDefined": false
      }
    ],
    "isTemplate": false,
    "count": 0,
    "updated": 1533869213
  },
  {
    "id": "00987cce-4438-40f4-9175-f1b557d8d840",
    "data": [
      {
        "text": "hello there",
        "userDefined": false
      }
    ],
    "isTemplate": false,
    "count": 0,
    "updated": 1533869213
  },
  {
    "id": "3c354837-36ed-47a7-b88a-937f014c9e7d",
    "data": [
      {
        "text": "hi",
        "userDefined": false
      }
    ],
    "isTemplate": false,
    "count": 0,
    "updated": 1533869213
  },
  {
    "id": "4e7177b6-72d7-4870-81be-cfca1338b641",
    "data": [
      {
        "text": "what can you do",
        "userDefined": false
      }
    ],
    "isTemplate": false,
    "count": 0,
    "updated": 1533869213
  },
  {
    "id": "74388282-dea3-4cea-9c92-6f641ba3d635",
    "data": [
      {
        "text": "howdy",
        "userDefined": false
      }
    ],
    "isTemplate": false,
    "count": 0,
    "updated": 1533869213
  },
  {
    "id": "172efbdc-762f-4f43-b242-604f71427dfa",
    "data": [
      {
        "text": "greetings",
        "userDefined": false
      }
    ],
    "isTemplate": false,
    "count": 0,
    "updated": 1533869213
  },
  {
    "id": "13ec8a7c-b480-441c-9575-1e1a73197fd5",
    "data": [
      {
        "text": "welcome",
        "userDefined": false
      }
    ],
    "isTemplate": false,
    "count": 0,
    "updated": 1533869213
  },
  {
    "id": "e3d30b48-597f-44aa-98f4-58fc3ee9da24",
    "data": [
      {
        "text": "just going to say hi",
        "userDefined": false
      }
    ],
    "isTemplate": false,
    "count": 0,
    "updated": 1533869213
  },
  {
    "id": "62fb59ec-b9d0-421c-9a6e-9b16531922dc",
    "data": [
      {
        "text": "who are you",
        "userDefined": false
      }
    ],
    "isTemplate": false,
    "count": 0,
    "updated": 1533869213
  },
  {
    "id": "80c194a1-f85b-4ad7-8cd3-89af4fdbbb90",
    "data": [
      {
        "text": "hey",
        "userDefined": false
      }
    ],
    "isTemplate": false,
    "count": 0,
    "updated": 1533869213
  },
  {
    "id": "b33f62ac-88ae-462c-8353-38d9e8ef9366",
    "data": [
      {
        "text": "hello again",
        "userDefined": false
      }
    ],
    "isTemplate": false,
    "count": 0,
    "updated": 1533869213
  },
  {
    "id": "4a12fe70-54bd-4e91-9119-d43c0e89ece8",
    "data": [
      {
        "text": "a good day",
        "userDefined": false
      }
    ],
    "isTemplate": false,
    "count": 0,
    "updated": 1533869213
  },
  {
    "id": "e2368fe6-f8da-4346-a59c-1159dfa4343e",
    "data": [
      {
        "text": "hi there",
        "userDefined": false
      }
    ],
    "isTemplate": false,
    "count": 1,
    "updated": 1533869213
  },
  {
    "id": "81a748f6-3be1-40f3-b413-ed321022ea2c",
    "data": [
      {
        "text": "long time no see",
        "userDefined": false
      }
    ],
    "isTemplate": false,
    "count": 0,
    "updated": 1533869213
  },
  {
    "id": "a91daccf-3367-4a23-bdff-7b705e6cb73a",
    "data": [
      {
        "text": "hello",
        "userDefined": false
      }
    ],
    "isTemplate": false,
    "count": 0,
    "updated": 1533869213
  },
  {
    "id": "493c2579-681f-4aaa-863a-ad9e525dbe18",
    "data": [
      {
        "text": "hey there",
        "userDefined": false
      }
    ],
    "isTemplate": false,
    "count": 0,
    "updated": 1533869213
  },
  {
    "id": "867ead93-f0e9-43d7-8e82-03a1ff31697d",
    "data": [
      {
        "text": "I greet you",
        "userDefined": false
      }
    ],
    "isTemplate": false,
    "count": 0,
    "updated": 1533869213
  },
  {
    "id": "0f042bd5-e987-4976-8f1d-9a6cdff1e781",
    "data": [
      {
        "text": "hello hi",
        "userDefined": false
      }
    ],
    "isTemplate": false,
    "count": 0,
    "updated": 1533869213
  }
]