[
  {
    "id": "90f988ce-19ea-4eba-b6e6-5a04281a34bd",
    "data": [
      {
        "text": "talk to someone else",
        "userDefined": false
      }
    ],
    "isTemplate": false,
    "count": 0,
    "updated": 1533869978
  },
  {
    "id": "d14c6874-0ce5-4733-8209-adeead5d24e4",
    "data": [
      {
        "text": "do something else",
        "userDefined": false
      }
    ],
    "isTemplate": false,
    "count": 0,
    "updated": 1533869978
  },
  {
    "id": "31066c55-e1e4-41ea-b48e-19d169420061",
    "data": [
      {
        "text": "Red",
        "meta": "@sys.ignore",
        "userDefined": false
      }
    ],
    "isTemplate": false,
    "count": 0,
    "updated": 1533869978
  },
  {
    "id": "e360c8f3-d989-43b7-a6b5-2619d8678fb9",
    "data": [
      {
        "text": "talk to the other bot",
        "userDefined": false
      }
    ],
    "isTemplate": false,
    "count": 0,
    "updated": 1533869978
  },
  {
    "id": "5ad9f736-f277-47b5-9c86-ce15de3d555a",
    "data": [
      {
        "text": "go away",
        "userDefined": false
      }
    ],
    "isTemplate": false,
    "count": 0,
    "updated": 1533869978
  },
  {
    "id": "d8f4d4c8-ed00-4f15-9d2d-b6e57df00105",
    "data": [
      {
        "text": "I\u0027m bored.",
        "userDefined": false
      }
    ],
    "isTemplate": false,
    "count": 0,
    "updated": 1533869978
  },
  {
    "id": "d4b53d2c-9c6b-4974-8860-046fa9b58b10",
    "data": [
      {
        "text": "Talk to ",
        "userDefined": false
      },
      {
        "text": "red",
        "meta": "@sys.ignore",
        "userDefined": false
      }
    ],
    "isTemplate": false,
    "count": 0,
    "updated": 1533869978
  }
]